"Id","Title","Price","CPU_Brand","CPU_Type","CPU_Speed","CPU_Cores","GPU","RAM in GB","Hard Drive / Type","Hard Drive / Capacity (GB)"
"769052"," Toshiba Tecra A40 C 1Kf Lapto Ps463E 07U03Hen","541.62","Intel","Core i5","2.3GHz","Dual-Core","Intel HD Graphics 520","4","HDD","500"
"769054"," Toshiba Tecra A40 C 1E5 Laptop Ps463E 05V03Hen","497.49","Intel","Core i5","2.3GHz","Dual-Core","Intel HD Graphics 520","4","SSD","128"
"769058"," Toshiba Tecra Z40 C 12X Laptop Pt465E 03E02Sen","539.15","Intel","Core i5","2.3GHz","Dual-Core","Intel HD Graphics 520","4","SSD","128"
"769060"," Toshiba Tecra Z40 C 12Z Laptop Pt465E 03F02Sen","824.94","Intel","Core i5","2.3GHz","Dual-Core","Intel HD Graphics 520","8","SSD","256"
"771779"," Hp Elitebook X360 1030 G2 2 In 1 Laptop Z2W63Ea Abu","1358.31","Intel","Core i5","2.5GHz","Dual-Core","Intel HD Graphics 620","8","SSD","256"
"771780"," Hp Elitebook X360 1030 G2 2 In 1 Laptop Z2W66Ea Abu","1441.64","Intel","Core i5","2.5GHz","Dual-Core","Intel HD Graphics 620","8","SSD","256"
"774924"," Hp Probook X360 11 G1 Ee Laptop For Education Z3A47Ea Abu","501.00","Intel","Pentium","1.1GHz","Quad-Core","Intel HD Graphics 505","4","SSD","256"
"789908"," Edu Only Toshiba Satellite Pro R40 C 12W Laptop Ps461E 0S70D3En","319.15","Intel","Pentium","1.5GHz","Dual-Core","Intel HD Graphics 515","4","SSD","128"
"792829"," Galaxy Book 12 256Gb Wifi Home Sm W720Nzkabtu","1079.08","Intel","Core i5","2.5GHz","Dual-Core","Intel HD Graphics 620","8","SSD","256"
"792831"," Galaxy Book 12 128Gb Wifi Home Sm W720Nzkbbtu","916.59","Intel","Core i5","2.5GHz","Dual-Core","Intel HD Graphics 620","4","SSD","128"
"792836"," Hp Elite X2 1012 G2 2 In 1 Laptop 1Lv19Ea Abu","1596.64","Intel","Core i5","2.5GHz","Dual-Core","Intel HD Graphics 620","8","SSD","256"
"795139"," Hp Elitebook X360 1030 G2 2 In 1 Laptop 1En90Ea Abu","729.15","Intel","Core i5","2.5GHz","Dual-Core","Intel HD Graphics 620","8","SSD","256"
"800732"," Hp Elite X2 1012 G2 2 In 1 Laptop 1Lv33Ea Abu","1974.84","Intel","Core i7","2.8GHz","Dual-Core","Intel HD Graphics 620","8","SSD","256"
"802748"," Panasonic Toughbook Cf 54 Rugged Laptop Cf 54G0492Te","1589.15","Intel","Core i5","2.6GHz","Dual-Core","Intel HD Graphics 620","4","HDD","500"
"807107"," Hp Probook X360 11 G1 Ee Laptop Z2Z52Ea Abu","546.65","Intel","Pentium","1.1GHz","Quad-Core","Intel HD Graphics 505","4","SSD","128"
"808805"," Msi Gs63 7Rd Stealth Gaming Laptop 9S7 16K412 091","958.32","Intel","Core i7","2.8GHz","Quad-Core","NVIDIA GeForce GTX 1050","8","SSD","128"
"813492"," Hp Elitebook X360 1030 G2 2 In 1 Laptop Z2W68Ea Abu","1390.81","Intel","Core i5","2.5GHz","Dual-Core","Intel HD Graphics 620","8","SSD","256"
"818422"," Lenovo Miix 520 2 In1 Laptop 20M3000Duk","824.99","Intel","Core i5","1.6GHz","Quad-Core","Intel UHD Graphics 620","8","SSD","256"
"818423"," Lenovo Miix 520 2 In1 Laptop 20M3000Luk","1374.98","Intel","Core i7","1.8GHz","Quad-Core","Intel UHD Graphics 620","16","SSD","1000"
"818424"," Lenovo Miix 520 2 In1 Laptop 20M3003Duk","887.48","Intel","Core i5","1.6GHz","Quad-Core","Intel UHD Graphics 620","8","SSD","256"
"821540"," Acsf514 52T Nx Gtmek 002 8 256 Nx Gtmek 002","733.32","Intel","Core i5","1.6GHz","Quad Core","Intel UHD Graphics 620","8","SSD","256"
"822357"," Acer Extensa 2540 Laptop Nx Efhek 010","369.99","Intel","Core i5","2.5GHz","Dual-Core","Intel HD Graphics 620","4","HDD","500"
"823147"," Fujitsu Lifebook U728 Laptop Vfy U7280M35Sbgb","789.15","Intel","Core i5","1.6GHz","Quad-Core","Intel UHD Graphics 620","8","SSD","256"
"823149"," Fujitsu Lifebook U758 Laptop Vfy U7580M37Spgb","1146.65","Intel","Core i7","1.8GHz","Quad-Core","Intel UHD Graphics 620","16","SSD","512"
"823150"," Fujitsu Lifebook U758 Laptop Vfy U7580M37Sbgb","1005.81","Intel","Core i7","1.8GHz","Quad-Core","Intel UHD Graphics 620","8","SSD","512"
"823157"," Fujitsu Lifebook U748 Laptop Vfy U7480M35Sbgb","789.15","Intel","Core i5","1.6GHz","Quad-Core","Intel UHD Graphics 620","8","SSD","256"
"823161"," Fujitsu Lifebook U728 Laptop Vfy U7280M37Sbgb","1132.48","Intel","Core i7","1.8GHz","Quad-Core","Intel UHD Graphics 620","8","SSD","256"
"823163"," Fujitsu Lifebook U758 Laptop Vfy U7580M35Sbgb","784.99","Intel","Core i5","1.6GHz","Quad-Core","Intel UHD Graphics 620","8","SSD","256"
"823652"," Lenovo Thinkpad T480S Laptop 20L7001Vuk","935.81","Intel","Core i5","1.6GHz","Quad-Core","Intel UHD Graphics 620","8","SSD","256"
"829427"," Hp Elitebook 840 G5 Laptop 3Jx94Ea Abu","1324.15","Intel","Core i7","1.8GHz","Quad-Core","Intel UHD Graphics 620","8","SSD","512"
"829429"," Hp Elitebook 840 G5 Laptop 3Jx31Ea Abu","1409.75","Intel","Core i7","1.8GHz","Quad-Core","Intel UHD Graphics 620","16","SSD","512"
"829432"," Hp Elitebook 850 G5 Laptop 3Jx57Ea Abu","1028.86","Intel","Core i5","2.5GHz","Dual-Core","Intel HD Graphics 620","8","SSD","256"
"829434"," Hp Elitebook X360 1030 G2 Convertible Laptop 1Dt50Aw Abu","2149.98","Intel","Core i7","2.8GHz","Dual-Core","Intel HD Graphics 620","16","SSD","256"
"829443"," Hp Elitebook 850 G5 Laptop 3Jx13Ea Abu","1024.98","Intel","Core i5","1.6GHz","Quad-Core","Intel UHD Graphics 620","8","SSD","256"
"829446"," Hp Elitebook 830 G5 Laptop 3Jx26Ea Abu","1240.57","Intel","Core i5","1.6GHz","Quad-Core","Intel UHD Graphics 620","16","SSD","256"
"829463"," Hp Elitebook 850 G5 Laptop 3Jx12Ea Abu","1093.31","Intel","Core i5","1.6GHz","Quad-Core","Intel UHD Graphics 620","8","SSD","256"
"829490"," Hp Elitebook 840 G5 Laptop 3Jx63Ea Abu","1291.64","Intel","Core i5","1.7GHz","Quad-Core","Intel UHD Graphics 620","8","SSD","256"
"829499"," Hp Elitebook 830 G5 Laptop 3Jw94Ea Abu","1363.31","Intel","Core i5","1.6GHz","Quad-Core","Intel UHD Graphics 620","16","SSD","512"
"829501"," Hp Elitebook 830 G5 Laptop 3Jx78Ea Abu","1357.48","Intel","Core i5","1.7GHz","Quad-Core","Intel UHD Graphics 620","8","SSD","256"
"830867"," Fujitsu Lifebook U938 Laptop Vfy U9380M45Sbgb","960.81","Intel","Core i5","1.6GHz","Quad-Core","Intel UHD Graphics 620","8","SSD","256"
"830868"," Fujitsu Lifebook U938 Laptop Vfy U9380M47Ppgb","1278.32","Intel","Core i7","1.9GHz","Quad-Core","Intel UHD Graphics 620","20","SSD","512"
"830869"," Fujitsu Lifebook U938 Laptop Vfy U9380M47Spgb","1035.81","Intel","Core i7","1.9GHz","Quad-Core","Intel UHD Graphics 620","8","SSD","256"
"834567"," Msi Gt83 Titan 8Rg Gaming Laptop 9S7 181612 029","3917.47","Intel","Core i7","2.6 GHz","6-Core","NVIDIA GeForce GTX 1080 SLI","32","SSD","1000"
"834572"," Msi Gt63 Titan 8Rf Gaming Laptop 9S7 16L411 027","1782.95","Intel","Core i7","2.2GHz","6 Cores","NVIDIA GeForce GTX 1070","16","SSD","256"
"834578"," Msi Ge63 8Rf 063 I7 16 1T 512 9S7 16P512 063","1732.30","Intel","Core i7","2.2GHz","6 Cores","NVIDIA GeForce GTX 1070","16","SSD","512"
"834711"," Hp Elitebook 840 G5 Laptop 3Jw99Ea Abu","999.98","Intel","Core i5","1.6GHz","Quad-Core","Intel UHD Graphics 620","4","SSD","256"
"834719"," Msi Pe72 8Rd Gaming Laptop 9S7 179F43 020","958.30","Intel","Core i7","2.2GHz","6 Cores","NVIDIA GeForce GTX 1050Ti","8","SSD","128"
"834720"," Msi Pe62 8Rc Gaming Laptop 9S7 16Jf31 021","881.46","Intel","Core i7","2.2GHz","6 Cores","NVIDIA GeForce GTX 1050","8","SSD","256"
"835086"," Hp Probook 650 G4 Laptop 3Jy28Ea Abu","1229.14","Intel","Core i5","1.6GHz","Quad-Core","Intel UHD Graphics 620","8","SSD","256"
"835087"," Hp Probook 650 G4 Laptop 3Un47Ea Abu","997.48","Intel","Core i5","1.6GHz","Quad-Core","Intel UHD Graphics 620","4","HDD","500"
"837500"," Hp Probook 640 G4 Laptop 3Jy20Ea Abu","1158.33","Intel","Core i5","1.6GHz","Quad-Core","Intel UHD Graphics 620","8","SSD","256"
"837502"," Hp Probook 640 G4 Laptop 3Jy24Ea Abu","1249.98","Intel","Core i5","1.6GHz","Quad-Core","Intel UHD Graphics 620","8","SSD","256"
"837947"," Toshiba Tecra X40 E 11M Laptop Pt482E 01P00Ten","919.98","Intel","Core i5","1.6GHz","Quad-Core","Intel UHD Graphics 620","8","SSD","256"
"838479"," Hp Elitebook 830 G5 Laptop 3Jw87Ea Abu","1075.81","Intel","Core i5","1.6GHz","Quad-Core","Intel UHD Graphics 620","8","SSD","256"
"838480"," Hp Elitebook 830 G5 Laptop 3Jx36Ea Abu","1183.31","Intel","Core i5","1.6GHz","Quad-Core","Intel UHD Graphics 620","8","SSD","256"
"840187"," Hp Elitebook 745 G5 Laptop 3Up36Ea Abu","964.15","AMD","Ryzen 7","2.2GHz","Quad-Core","AMD Radeon Vega","8","SSD","256"
"840188"," Hp Elitebook 745 G5 Laptop 3Up50Ea Abu","854.15","AMD","Ryzen 5","2GHz","Quad-Core","AMD Radeon Vega","8","SSD","256"
"840193"," Hp Elitebook 735 G5 Laptop 3Un67Ea Abu","974.15","AMD","Ryzen 3","2GHz","Quad-Core","AMD Radeon Vega","4","SSD","128"
"840194"," Hp Probook 645 G4 Laptop 3Un59Ea Abu","665.60","AMD","Ryzen 5","2GHz","Quad-Core","AMD Radeon Vega","4","SSD","128"
"840195"," Hp Elitebook 735 G5 13 Ryzen 5 4Gb 256Gb Ssd Win10 Pro Laptop 3Up35Ea Abu","825.82","AMD","Ryzen 5","2GHz","Quad-Core","AMD Radeon Vega","4","SSD","256"
"840196"," Hp Elitebook 735 G5 Laptop 3Up48Ea Abu","939.15","AMD","Ryzen 5","2GHz","Quad-Core","AMD Radeon Vega","8","SSD","256"
"840490"," Acera315 41 Nx Gy9Ek 003 8 1T Nx Gy9Ek 003","365.82","AMD","Ryzen 3","2.5GHz","Dual-Core","AMD Radeon Vega 3","8","HDD","1000"
"840879"," Panasonic Toughbook Cf 20 Convertible Laptop Cf 20E0205Te","2499.97","Intel","Core i5","1.2GHz","Dual-Core","Intel HD Graphics 615","8","SSD","256"
"841373"," Lenovo Ideapad 120S 14 Laptop 81A5000Vuk","224.99","Intel","Pentium","1.1GHz","Quad-Core","Intel HD Graphics 505","4","SSD","128"
"841593"," Hp Elitebook 840 G5 Laptop 3Jz24Aw Abu","1218.31","Intel","Core i5","1.7GHz","Quad-Core","Intel UHD Graphics 620","8","SSD","256"
"841594"," Hp Elitebook 830 G5 Laptop 3Ka31Aw Abu","1232.48","Intel","Core i5","1.7GHz","Quad-Core","Intel UHD Graphics 620","8","SSD","256"
"842900"," Hp Elitebook 745 G5 Laptop Laptops At Ebuyer 3Un74Ea Abu","1007.48","AMD","Ryzen 7","2.2GHz","Quad-Core","AMD Radeon RX Vega 10","8","SSD","256"
"842904"," Hp Elitebook 745 G5 Laptop 3Un76Ea Abu","1027.48","AMD","Ryzen 7","2.2GHz","Quad-Core","AMD Radeon Vega","8","SSD","256"
"842905"," Hp Elitebook 745 G5 Laptop 3Up39Ea Abu","999.98","AMD","Ryzen 7","2.2GHz","Quad-Core","AMD Radeon Vega","8","SSD","256"
"843927"," Hp Elitebook X360 1030 G3 I7 16Gb 256Gb 2 In 1 Laptop 3Zh00Ea Abu","2361.65","Intel","Core i7","1.9GHz","Quad-Core","Intel UHD Graphics 620","16","SSD","256"
"845729"," Hp Elitebook 830 G5 Laptop 3Un88Ea Abu","1065.81","Intel","Core i5","1.6GHz","Quad-Core","Intel UHD Graphics 620","8","SSD","256"
"845797"," Hp Probook X360 440 G1 2 In 1 Laptop 4Lt43Et Abu","691.64","Intel","Core i5","1.6GHz","Quad-Core","Intel UHD Graphics 620","8","SSD","256"
"845866"," Hp Elitebook 830 G5 Laptop Laptops At Ebuyer 3Ka29Aw Abu","1284.15","Intel","Core i5","1.7GHz","Quad-Core","Intel UHD Graphics 620","8","SSD","256"
"846011"," Toshiba Portege Z30 C 16H Ultrabook Pt263E 0Pk06Ken","536.65","Intel","Core i5","2.3GHz","Dual-Core","intel HD Graphics","4","SSD","128"
"856614"," Hp Elitebook 1050 G1 Laptop Laptops At Ebuyer 3Zh20Ea Abu","2049.15","Intel","Core i5","2.5GHz","Quad-Core","NVIDIA GeForce GTX 1050 / Intel UHD Graphics 630","16","SSD","512"
"856717"," Hp Elitebook X360 1030 G3 2 In 1 Laptop 3Zh08Ea Abu","2054.98","Intel","Core i7","1.8GHz","Quad-Core","Intel UHD Graphics 620","16","SSD","256"
"857125"," Toshiba Satellite Pro A40 D 13W Laptop Ps481E 026034En","608.25","Intel","Core i5","2.5GHz","Dual-Core","Intel HD Graphics 620","8","SSD","256"
"857531"," Hp Elitebook 1050 G1 Laptop Laptops At Ebuyer 3Zh26Ea Abu","2083.31","Intel","Core i5","2.5GHz","Quad-Core","NVIDIA GeForce GTX 1050 / Intel UHD Graphics 630","16","SSD","512"
"858148"," Hp Elitebook 1050 G1 Laptop 3Zh23Ea Abu","2299.97","Intel","Core i7","2.2GHz","Quad-Core","NVIDIA GeForce GTX 1050 / Intel UHD Graphics 630","32","SSD","1000"
"858254"," Hp Elitebook X360 1030 G3 2 In 1 Laptop 3Zh09Ea Abu","2119.15","Intel","Core i7","1.9GHz","Quad-Core","Intel UHD Graphics 620","8","SSD","256"
"858300"," Hp Elitebook X360 1030 G3 2 In 1 Laptop 3Zh02Ea Abu","1637.49","Intel","Core i5","1.6GHz","Quad-Core","Intel UHD Graphics 620","8","SSD","256"
"858302"," Hp Elitebook X360 1030 G3 2 In 1 Laptop 3Zh04Ea Abu","1799.99","Intel","Core i5","1.7GHz","Quad-Core","Intel UHD Graphics 620","8","SSD","256"
"858521"," Msi Ps42 8M 222Uk I7 16 256 9S7 14B141 222","878.63","Intel","Core i7","1.8GHz","Quad Core","intel HD Graphics","16","SSD","256"
"859124"," Dell Xps 15 9570 High Performance Laptop K9R13","1376.20","Intel","Core i7","2.2GHz","6-core","NVIDIA GeForce GTX 1050","16","SSD","512"
"860736"," Asus Zenbook 14 Ux433Fa Laptop Ux433Fa A6061T","754.23","Intel","Core i5","1.6GHz","Quad-Core","Intel UHD Graphics 620","8","SSD","256"
"861937"," Erazer P6689 15 6 Inch Fhd Ci5 8250U 8Gb 1Tb Gtx1050 Win10 30023993","570.85","Intel","Core i5","1.6GHz","Quad-Core","NVIDIA GeForce GTX 1050","8","HDD","1000"
"862099"," Hp Elitebook X360 1030 G3 Core I5 8Gb 256Gb Ssd 13 3 Win10 3Zh01Ea Abu","1756.65","Intel","Core i5","1.6GHz","Quad-Core","Intel UHD Graphics 620","8","SSD","256"
"862100"," Hp Elitebook X360 1030 G3 2 In 1 Laptop 3Zh03Ea Abu","1971.65","Intel","Core i5","1.7GHz","Quad-Core","Intel UHD Graphics 620","8","SSD","256"
"862377"," Hp Elitebook 830 G5 Laptop 3Up03Ea Abu","1059.15","Intel","Core i5","2.5GHz","Dual-Core","Intel HD Graphics 620","8","SSD","256"
"863058"," Hp Elitebook X360 1030 G3 2 In 1 Laptop 3Zh11Ea Abu","2333.32","Intel","Core i7","1.9GHz","Quad-Core","Intel UHD Graphics 620","16","SSD","512"
"863158"," Hp Elitebook X360 1030 G3 2 In 1 Laptop 3Zh10Ea Abu","2249.98","Intel","Core i7","1.9GHz","Quad-Core","Intel UHD Graphics 620","16","SSD","512"
"869554"," Hp Elitebook X360 1040 G5 2 In 1 Laptop 5Df58Ea Abu","1694.99","Intel","Core i5","1.6GHz","Quad-Core","Intel UHD Graphics 620","8","SSD","256"
"869955"," Acer Travelmate B118 Laptop Nx Vhsek 004","220.12","Intel","Pentium Silver","1.1GHz","Quad-Core","Intel UHD Graphics 605","4","SSD","64"
"870084"," Hp Elitebook X360 1040 G5 2 In 1 Laptop 5Df66Ea Abu","1750.81","Intel","Core i5","1.6GHz","Quad-Core","Intel UHD Graphics 620","8","SSD","256"
"870144"," Asus Vivobook S14 S430Fa S430Fa Eb021T","503.32","Intel","Core i3","2.1GHz","Dual-Core","Intel UHD Graphics 620","4","SSD","256"
"870479"," Acer Travelmate X3 Tmx3310 M 57C3 Laptop Nx Vhmek 003","399.15","Intel","Core i5","1.6GHz","Quad-Core","Intel UHD Graphics 620","4","SSD","128"
"872750"," Dell Latitude 5490 Laptop Yyncr","579.15","Intel","Core i5","1.6GHz","Quad-Core","Intel UHD Graphics 620","4","HDD","500"
"872971"," Hp Elitebook X360 1030 G3 2 In 1 Laptop 3Zh10Ea Abb","2241.64","Intel","Core i7","1.9GHz","Quad-Core","Intel UHD Graphics 620","16","SSD","512"
"873426"," Hp Probook 450 G6 15 Core I3 8Gb 256Gb Ssd Win10 Pro Laptop 5Pq06Ea Abu","555.82","Intel","Core i3","2.1GHz","Dual-Core","Intel UHD Graphics 620","8","SSD","256"
"873530"," Asus Vivobook S14 S430Fa Laptop S430Fa Eb003T","586.65","Intel","Core i5","1.6GHz","Quad-Core","Intel UHD Graphics 620","4","SSD","256"
"874204"," Acertri500 Nh Q50Ek 003 I5 Rtx Nh Q50Ek 003","1208.31","Intel","Core i5","2.3GHz","Quad-Core","NVIDIA GeForce RTX 2060","8","SSD","256"
"874206"," Acertri500 Nh Q50Ek 006 I7 Rtx Nh Q50Ek 006","1415.82","Intel","Core i7","2.2GHz","6-core","NVIDIA GeForce RTX 2060","16","SSD","512"
"874252"," Hp Probook 430 G6 Laptop 5Tj81Et Abu","716.65","Intel","Core i5","1.6GHz","Quad-Core","Intel UHD Graphics 620","8","SSD","256"
"874253"," Hp Probook 440 G6 Laptop 5Tk14Et Abu","619.15","Intel","Core i5","1.6GHz","Quad-Core","Intel UHD Graphics 620","8","SSD","256"
"874322"," Lenovo Thinkpad E490 Laptop 20N8000Ruk","591.60","Intel","Core i5","1.6GHz","Quad-Core","Intel UHD Graphics 620","8","SSD","256"
"874323"," Lenovo Thinkpad E590 Laptop 20Nb001Auk","554.15","Intel","Core i5","1.6GHz","Quad-Core","Intel UHD Graphics 620","8","SSD","256"
"874324"," Lenovo Thinkpad A285 Laptop 20Mw000Juk","949.15","AMD","Ryzen 5 Pro","2GHz","Quad-Core","AMD Radeon Vega 8","8","SSD","256"
"874330"," Lenovo Thinkpad E590 Laptop 20Nb0029Uk","876.65","Intel","Core i7","1.8GHz","Quad-Core","AMD Radeon RX 550X / Intel UHD Graphics 620","16","SSD","512"
"874335"," Lenovo Thinkpad L390 Clam Laptop 20Nr0013Uk","662.49","Intel","Core i5","1.6GHz","Quad-Core","Intel UHD Graphics 620","8","SSD","256"
"874346"," Lenovo V130 I5 Laptop 81Hn00Nhuk","449.98","Intel","Core i5","2.5GHz","Dual-Core","Intel HD Graphics 620","8","SSD","256"
"874554"," Aero 15 X9 7Uk0310P I7 16 1 Wp Aero 15 X9 7Uk0310P","1791.64","Intel","Core i7","2.2GHz","6-core","NVIDIA GeForce RTX 2070 / Intel UHD Graphics 630","16","SSD","1000"
"875172"," Hp 255 G7 Amd Ryzen 3 Laptop 6Bp88Ea Abu","475.53","Intel","Core i7","1.8GHz","Quad-Core","Intel UHD Graphics 620","8","SSD","256"
"875174"," Hp 250 G7 Core I5 Laptop 6Bp86Ea Abu","452.07","Intel","Core i5","1.6GHz","Quad-Core","Intel UHD Graphics 620","8","SSD","256"
"875687"," Toshiba Portege X20W E 13U Flip Design 2 In 1 Prt22E 0Cp00Sen","1543.31","Intel","Core i7","1.8GHz","Quad-Core","Intel UHD Graphics 620","16","SSD","512"
"876155"," Hp Probook 430 G6 I5 256Gb Laptop 5Pq28Ea Abu","680.40","Intel","Core i5","1.6GHz","Quad-Core","Intel UHD Graphics 620","8","SSD","256"
"876156"," Hp Probook 440 G6 14 Core I7 8Gb 512Gb Ssd Win10 Pro Laptop 5Pq50Ea Abu","770.82","Intel","Core i7","1.8GHz","Quad-Core","Intel UHD Graphics 620","8","SSD","512"
"876157"," Hp Probook 440 G6 Core I3 4Gb 128Gb Ssd 14 Win10 Pro 6Bn42Ea Abu","553.32","Intel","Core i3","2.1GHz","Dual-Core","Intel UHD Graphics 620","4","SSD","128"
"876796"," Hp Elitebook 830 G5 Core I7 16Gb 512Gb Ssd 13 3 Win10 Pro 4Qy28Ea Abu","1465.81","Intel","Core i7","1.9GHz","Quad-Core","Intel UHD Graphics 620","16","SSD","512"
"876992"," Acer Swift 5 Pro Sf514 52T 85C9 Laptop Nx Gu4Ek 002","821.42","Intel","Core i7","1.8GHz","Quad-Core","Intel UHD Graphics 620","8","SSD","256"
"876994"," Razer Blade I7 1070 Gaming Laptop Rz09 02386W52 R3W1","2249.98","Intel","Core i7","2.2GHz","6-core","NVIDIA GeForce GTX 1070","16","SSD","512"
"877070"," Fujitsu Lifebook U938 13 Core I7 12Gb 512Gb Ssd Win10 Pro Laptop Vfy U9380M470Sgb","1239.98","Intel","Core i7","1.9GHz","Quad-Core","Intel UHD Graphics 620","12","SSD","512"
"877120"," Asus Vivobook S13 Core I7 8Gb 512Gb Ssd 13 3 Win10 Home Laptop S330Fa Ey038T","796.65","Intel","Core i7","1.8GHz","Quad-Core","Intel UHD Graphics 620","8","SSD","512"
"877508"," Acer Travelmate Tmp648 G3 M 59R3 Laptop Nx Vggek 002","772.49","Intel","Core i5","2.5GHz","Dual-Core","Intel HD Graphics 620","8","SSD","256"
"877512"," Acer Extensa 2540 15 Core I3 4Gb 500Gb Hdd Win10 Home Laptop Nx Efhek 029","267.65","Intel","Core i3","2GHz","Dual-Core","Intel HD Graphics 520","4","HDD","500"
"877513"," Acer Travelmate P259 M 15 Core I5 8Gb 128Gb Ssd Win10 Pro Laptop Nx Vepek 023","458.32","Intel","Core i5","2.5GHz","Dual-Core","Intel HD Graphics 620","8","SSD","128"
"877522"," Lenovo 100E Windows 2Nd Gen Celeron N4000 4Gb 64Gb Win 10 Pro Winbook 81M8000Luk","191.64","Intel","Celeron","1.1GHz","Dual-Core","Intel UHD Graphics 600","4","SSD","64"
"877523"," Lenovo 300E 2Nd Gen Celeron N4100 4Gb Ram 128Gb Ssd Win 10 Pro 2 In 1 81M9000Nuk","326.65","Intel","Celeron","1.1GHz","Quad-Core","Intel UHD Graphics 600","4","SSD","128"
"877910"," Dell Vostro 15 5581 5000 Series Laptop Tkw0R","466.66","Intel","Core i5","1.6GHz","Quad-Core","Intel UHD Graphics 620","8","SSD","256"
"878848"," Acer Travelmate X Tmx3410 M 33W6 Laptop Nx Vhjek 005","517.49","Intel","Core i3","2.2GHz","Dual-Core","Intel UHD Graphics 620","8","SSD","128"
"878866"," Toshiba Tecra Z40 C 136 Ultrabook Pt463E 09G0Ejen","905.81","Intel","Core i7","2.6GHz",,"Intel HD Graphics 520","8","SSD","256"
"878870"," Toshiba Satellite Pro R50 C 17Z Laptop Ps581E 05P04Fen","379.15","Intel","Core i3","2.4GHz","Dual-Core","Intel HD Graphics 620","4","SSD","128"
"878887"," Toshiba Port G X30 E 16Q Laptop Pt282E 0Gp02Hen","955.81","Intel","Core i7","1.8GHz",,"Intel UHD Graphics 620","16","SSD","512"
"878973"," Asus Tuf Fx705Du Ryzen 7 8Gb 512Gb Ssd Gtx 1660Ti 17 3 Win10 Fx705Du Au024T","1045.81","AMD","Ryzen 7","2.3GHz","Quad-Core","NVIDIA GeForce GTX 1660 Ti","8","SSD","512"
"878977"," Asus Rog Strix Hero I7 16Gb Nvidia Rtx 2060 Gaming Laptop G531Gv Es037T","1566.65","Intel","Core i7","2.6GHz","6-core","NVIDIA GeForce RTX 2060","16","SSD","512"
"878978"," Asus Rog Zephyrus M Intel I7 9750H Nvidia Rtx 2060 16Gb 512Gb Ssd Gu502Gv Es004T","1652.95","Intel","Core i7","2.6GHz","6-core","NVIDIA GeForce RTX 2060","16","SSD","512"
"878990"," Rog Rtx 2080 8Gb G703Gxr Ev003T","2903.81","Intel","Core i7","2.6GHz","6-core","NVIDIA GeForce RTX 2080","32","SSD","512"
"879451"," Coda Spark 11 6 32Gb Laptop Coda006","75.34","Intel","Celeron","1.1GHz","Dual-Core","Intel HD Graphics 500","2","SSD","32"
"879453"," Coda Zest 10 1 32Gb 2 In 1 Laptop Coda002","66.65","Intel","Celeron","1.1GHz","Dual-Core","Intel HD Graphics 500","2","SSD","32"
"879510"," Hp 250G7 6Mp21Es I5 8 256 W10 6Mp21Es Abu","333.32","Intel","Core i5","1.6GHz","Quad Core","Intel UHD Graphics","8","SSD","256"
"880125"," Razer Blade 15 I7 Rtx Advanced Max Q Gaming Laptop Rz09 02887W52 R3W1","2149.99","Intel","Core i7","2.2GHz","6-core","NVIDIA GeForce RTX 2070","16","SSD","512"
"881091"," Dell Latitude 3500 15 Core I5 4Gb 1Tb Hdd Win10 Pro Laptop 4Vty9","416.62","Intel","Core i5","1.6GHz","Quad-Core","Intel UHD Graphics 620","4","HDD","1000"
"881092"," Dell Vostro 3580 15 Core I5 8Gb 256Gb Ssd Win10 Pro Laptop Cjwtv","473.76","Intel","Core i5","1.6GHz","Quad-Core","Intel UHD Graphics 620","8","SSD","256"
"881093"," Dell Latitude 3500 14 Core I5 8Gb 256Gb Ssd Win10 Pro Laptop 1Cc8R","550.70","Intel","Core i5","1.6GHz","Quad-Core","Intel UHD Graphics 620","8","SSD","256"
"881094"," Dell Vostro 3580 15 Core I3 8Gb 256Gb Ssd Win10 Pro Laptop W2K4G","433.99","Intel","Core i3","2.1GHz","Dual-Core","Intel UHD Graphics 620","8","SSD","256"
"881096"," Latitude 3500 Intel Core I3 8145U 4M Cache 3 90 Ghz 8Gb 1X8Gb 2666Mhz 6Pr0X","430.18","Intel","Core i3","2.1GHz","Dual-Core","Intel UHD Graphics 620","8","SSD","256"
"881990"," Hp Elitebook X360 1030 G2 Core I7 8Gb 256Gb Ssd 13 3 Win10 1Ep21Ea Abu","1827.48","Intel","Core i7","2.7GHz","Dual-Core","Intel HD Graphics 620","8","SSD","256"
"882200"," Msi Gl63 9Sd 1660Ti Gaming Laptop 9S7 16P732 478","1186.56","Intel","Core i7","2.6GHz","6 Cores","NVIDIA GeForce GTX 1660 Ti","16","SSD","256"
"882249"," Hp Probook X360 G3 Intel Celeron 4Gb 64Gb Emmc 11 Win10 Home 6Ms39Es Abu","268.32","Intel","Celeron",,,,"4","eMMC","64"
"882262"," Hp Probook 450 G6 15 Full Hd Core I3 8Gb 128Gb Ssd Win10 Prolaptop 5Tk80Ea Abu","541.65","Intel","Core i3","2.1GHz","Dual-Core","Intel UHD Graphics 620","8","SSD","128"
"882470"," Hp Probook X360 440 G1 14 Core I5 8Gb 256Gb Ssd Win10 Home 2 In 1 Laptop 6Ms33Ea Abu","657.49","Intel","Core i5","1.6GHz","Quad-Core","Intel UHD Graphics 620","8","SSD","256"
"882602"," Asus Rog Zephyrus 15 6 Ga502Du Gtx1660 Ti Gaming Laptop Ga502Du Al025T","916.65","AMD","Ryzen 7","2.3GHz","Quad-Core","NVIDIA GeForce GTX 1660 Ti","16","SSD","512"
"882603"," Asus Tuf Fx705 17 3 Gtx 1660 Ti R7 3750H Gaming Laptop Fx705Du Au035T","874.97","AMD","Ryzen 7","2.3GHz","Quad-Core","NVIDIA GeForce GTX 1660 Ti / AMD Radeon RX Vega 10","16","SSD","256"
"882950"," Hp Probook 440 G6 14 Core I3 4Gb 128Gb Ssd Win10 Pro Laptop 6Um14Es Abu","475.82","Intel","Core i3","2.1GHz","2 cores","Intel HD Graphics 620","4","SSD","128"
"882966"," Hp Probook X360 11 G3 2 In 1 Laptop 6Um13Es Abu","384.99","Intel","Pentium Silver","1.1GHz","Quad-Core","Intel UHD Graphics 605","4","SSD","128"
"883265"," Medion Akoya S6445 Core I5 8Gb 256Gb Ssd 15 6 Win10 Home Laptop 30025958","446.27","Intel","Core i5","1.6 GHz","Quad core",,"8","SSD","256"
"883266"," Medion Akoya S6445 Core I5 8Gb 512Gb Ssd 15 6 Win10 Pro Laptop 30025960","557.85","Intel","Core i5","1.6 GHz","Quad core",,"8","SSD","512"
"883268"," Medion Akoya S6445 Core I7 8Gb 512Gb Ssd 15 6 Win10 Pro Laptop 30025971","643.93","Intel","Core i7","1.8 GHz","Quad core",,"8","SSD","512"
"883272"," Medion Akoya S4403 14 Core I7 8Gb 512Gb Ssd W10 Home Convertible Laptop 30025977","624.99","Intel","Core i7","1.8 GHz","Quad Core","Intel UHD Graphics","8","SSD","512"
"883277"," Medion Akoya P6685 Core I5 8Gb 1Tb Hdd 128Gb Ssd Geforce Mx150 30026120","474.99","Intel","Core i5","1.6GHz","Quad-Core","NVIDIA GeForce MX150","8","SSD","128"
"883278"," Medion Akoya P6685 Core I5 8Gb 1Tb Hdd 256Gb Ssd Geforce Mx150 30025002","483.47","Intel","Core i5"," 3.4 GHz","Quad core","NVIDIA GeForce MX150","8","HDD","1000"
"883423"," Lnvo V130 81Hn00S6Uk I7 8 256 81Hn00S6Uk","430.82","Intel","Core i7","2.7GHz","Dual-Core","Intel HD Graphics 620","8","SSD","256"
"883684"," Hp Elitebook X360 830 G5 Core I5 8Gb 256Gb Ssd Win10 Pro 2 In 1 Laptop 6Xc96Et Abu","928.31","Intel","Core i5","1.6GHz","Quad-Core","Intel UHD Graphics 620","8","SSD","256"
"883691"," Razer Blade Stealth 13 Core I7 16Gb Ram 512Gb Ssd Ultrabook Rz09 02393W32 R3W1","1499.98","Intel","Core i7","1.8GHz","Quad-Core","Intel UHD Graphics 620","16","SSD","512"
"885207"," Hp Omen X Core I9 32Gb 1Tb Ssd Rtx 2080 15 6 Win10 6Qc95Ea Abu","2727.85","Intel","Core i9","2.3GHz","8-core","NVIDIA GeForce RTX 2080","32","SSD","1000"
"885210"," Hp Omen X Core I7 16Gb 512 Ssd Rtx 2070 15 6 Win10 6Py73Ea Abu","1948.46","Intel","Core i7","2.6GHz","6-core","NVIDIA GeForce RTX 2070","16","SSD","512"
"885239"," Hp 255 G7 Ryzen 5 8Gb 256Gb Hd 15 6In Win10 Pro Laptop 7De73Ea Abu","347.82","AMD","Ryzen 5","2GHz","Quad-Core","AMD Radeon Vega","8","SSD","256"
"885240"," Hp Probook 455 G6 15 Ryzen 5 8Gb 256Gb Ssd Win10 Pro Laptop 6Eb47Ea Abu","608.32","AMD","Ryzen 5","2GHz","Quad-Core","AMD Radeon Vega 8","8","SSD","256"
"885256"," Hp Elitebook 745 G5 14 Ryzen 5 8Gb 256Gb Ssd Amd Vega Win10 Pro Laptop 3Up64Ea Abu","879.15","AMD","Ryzen 5","2GHz","Quad-Core","AMD Radeon Vega","8","SSD","256"
"885347"," Hp Elitebook 830 G6 13 Core I5 8Gb 256Gb Ssd Win10 Pro Laptop 6Xe66Et Abu","978.31","Intel","Core i5","1.6GHz","Quad-Core","Intel UHD Graphics 620","8","SSD","256"
"885356"," Hp 840 G6 I5 8365U 8Gb 256Gb W10P 6Xe68Et Abu","1083.31","Intel","Core i5","1.6GHz","Quad-Core","Intel UHD Graphics 620","8","SSD","256"
"885370"," Hp Elitebook X360 830 G6 Core I5 8Gb 256Gb Ssd 13 3 Win10 6Xd39Ea Abu","1044.98","Intel","Core i5","1.6GHz","Quad-Core","Intel UHD Graphics 620","8","SSD","256"
"885371"," Hp Elitebook X360 830 G6 Core I5 8Gb 256Gb Ssd 13 3 Win10 6Xe09Ea Abu","1772.48","Intel","Core i5","1.6GHz","Quad-Core","Intel UHD Graphics 620","8","SSD","256"
"885406"," Hp 255 G7 Ryzen 5 8Gb 256Gb Full Hd 15 6In Win10 Laptop 7Dc73Ea Abu","315.56","AMD","Ryzen 5","2GHz","Quad-Core","AMD Radeon Vega","8","SSD","256"
"885842"," Lenovo Thinkpad X390 Yoga Core I7 16Gb 512Gb Ssd Win10 Pro 2 In 1 Laptop 20Nn002Nuk","1306.65","Intel","Core i7","1.8GHz","Quad-Core","Intel UHD Graphics 620","16","SSD","512"
"885843"," Lenovo Thinkpad T490S 14 Core I5 8Gb 256Gb Ssd Win10 Pro Laptop 20Nx002Suk","916.65","Intel","Core i5","1.6GHz","Quad-Core","Intel UHD Graphics 620","8","SSD","256"
"885844"," Lenovo Thinkpad X390 13 Core I7 8Gb 256Gb Ssd Win10 Pro Laptop 20Q0003Wuk","1071.65","Intel","Core i7","1.8GHz","Quad-Core","Intel UHD Graphics 620","8","SSD","256"
"885846"," Lenovo Thinkpad X390 13 Core I7 16Gb 512Gb Ssd Win10 Pro Laptop 20Q0003Vuk","1246.72","Intel","Core i7","1.8GHz","Quad-Core","Intel UHD Graphics 620","16","SSD","512"
"885847"," Lenovo Thinkpad X390 Yoga Core I5 8Gb 256Gb Ssd Win10 Pro 2 In 1 Laptop 20Nn002Auk","1135.81","Intel","Core i5","1.6GHz","Quad-Core","Intel UHD Graphics 620","8","SSD","256"
"885848"," Lenovo Thinkpad T490S 14 Core I7 8Gb 256Gb Ssd Win10 Pro Laptop 20Nx002Ruk","1019.60","Intel","Core i7","1.8GHz","Quad-Core","Intel UHD Graphics 620","8","SSD","256"
"885849"," Lenovo Thinkpad T490 14 Core I5 8Gb 256Gb Ssd Win10 Pro Laptop 20N20009Uk","799.99","Intel","Core i5","1.6GHz","Quad-Core","Intel UHD Graphics 620","8","SSD","256"
"885850"," Lenovo Thinkpad X390 13 Core I5 8Gb 256Gb Ssd Win10 Pro Laptop 20Q1000Luk","916.65","Intel","Core i5","1.6GHz","Quad-Core","Intel UHD Graphics 620","8","SSD","256"
"885851"," Lenovo Thinkpad X390 Yoga Core I5 8Gb 256Gb Ssd Win10 Pro 2 In 1 Laptop 20Nn0026Uk","958.30","Intel","Core i5","1.6GHz","Quad-Core","Intel UHD Graphics 620","8","SSD","256"
"885852"," Lenovo Thinkpad T490 14 Core I7 8Gb 256Gb Ssd Win10 Pro Laptop 20N2000Ruk","940.81","Intel","Core i7","1.8GHz","Quad-Core","Intel UHD Graphics 620","8","SSD","256"
"885854"," Lenovo Thinkpad T490S 14 Core I7 16Gb 512Gb Ssd Win10 Pro Laptop 20Nx002Quk","1333.96","Intel","Core i7","1.8GHz","Quad-Core","Intel UHD Graphics 620","16","SSD","512"
"886606"," Asus Zenbook Pro Duo Laptop 15 6 Uhd I7 9750H 16Gb 2666Mhz Ram 512Gb Ux581Gv H2004T","2170.81","Intel","Core i7","2.6GHz","6-core","NVIDIA GeForce RTX 2060 / Intel UHD Graphics 630","16","SSD","512"
"899326"," Lenovo Thinkpad E595 20Nf 15 Ryzen 7 16Gb 512Gb Ssd Win10 Pro Laptop 20Nf0000Uk","710.06","AMD","Ryzen 7","2.3GHz","Quad-Core","AMD Radeon RX Vega 10","16","SSD","512"
"900437"," Vostro 5581 Intel Core I3 8145U 4M Cache 3 90 Ghz 4Gb 1X4Gb 2666Mhz R7N8M","347.66","Intel","Core i3","2.1GHz","Dual-Core","Intel UHD Graphics 620","4","SSD","128"
"900442"," Dell Latitude 5400 Core I5 8265U 1 6 Ghz Win Mny9F","689.99","Intel","Core i5","1.6GHz","Quad-Core","Intel UHD Graphics 620","8","SSD","256"
"900443"," Dell Latitude 7300 Core I5 8265U 1 6 Ghz Win Jd9Kr","913.95","Intel","Core i5","1.6GHz","Quad-Core","Intel UHD Graphics 620","8","SSD","256"
"900444"," Dell Latitude 7400 Core I5 8265U 1 6 Ghz Win D4Gky","874.99","Intel","Core i5","1.6GHz","Quad-Core","Intel UHD Graphics 620","8","SSD","256"
"900445"," Dell Latitude 5500 Core I5 8265U 1 6 Ghz Win 0Pgp0","699.98","Intel","Core i5","1.6GHz","Quad-Core","Intel UHD Graphics 620","8","SSD","256"
"900448"," Dell Xps 13 9380 Core I7 8565U 1 8 Ghz 38Tdd","974.19","Intel","Core i7","1.8GHz","Quad-Core","Intel UHD Graphics 620","8","SSD","256"
"900628"," Lenovo Thinkpad E495 20Ne Ryzen 5 3500U 2 1 Ghz 20Ne000Juk","541.65","AMD","Ryzen 5","2.1GHz","Quad-Core","AMD Radeon Vega 8","8","SSD","256"
"900668"," Asus Rog Strix Scar Iii Intel I9 9980Hk 32Gb 1Tb Ssd Rtx 2070 G731Gw H6158R","2374.98","Intel","Core i9",,"8-core","NVIDIA GeForce RTX 2070 / Intel UHD Graphics 630","32","SSD","1000"
"900669"," Asus Tuf Fx505Dv 15 6 Ryzen Gaming Laptop Fx505Dv Al014T","874.98","AMD","Ryzen 7","2.3GHz","Quad-Core","NVIDIA GeForce RTX 2060 / AMD Radeon RX Vega 10","16","SSD","512"
"900670"," Asus Rog Strix Scar Iii Intel I7 9750H 16Gb 1Tb Ssd Rtx 2070 G731Gw H6157T","1829.14","Intel","Core i7","2.6GHz","6-core","NVIDIA GeForce RTX 2070 / Intel UHD Graphics 630","16","SSD","1000"
"900674"," Asus Rog Zephyrus S Intel I7 9750H 32Gb 1Tb Ssd Rtx 2080 17 3 Gx701Gxr H6077T","2774.59","Intel","Core i7",,"6-core","NVIDIA GeForce RTX 2080","32","SSD","1000"
"900684"," Asus X409Fa Ek149T Core I7 8Gb 256Gb Ssd 14 Win10 Home Laptop X409Fa Ek149T","440.82","Intel","Core i7","1.8GHz","Quad-Core","Intel UHD Graphics 620","8","SSD","256"
"900685"," Asus X509Fa Ej077T Core I5 8Gb 256Gb Ssd 15 6 Win10 Home Laptop X509Fa Ej077T","349.98","Intel","Core i5","1.6GHz","Quad-Core","Intel UHD Graphics 620","8","SSD","256"
"900686"," Asus X509Fa Ej079T Core I7 8Gb 256Gb Ssd 15 6 Win10 Home Laptop X509Fa Ej079T","440.82","Intel","Core i7","1.8 GHz",,"Intel HD Graphics 620","8","SSD","256"
"900688"," Asus X409Ua Ek035T Core I3 4Gb 256Gb Ssd 14 Win10 Home Laptop X409Ua Ek035T","274.98","Intel","Core i3","2.3GHz","Dual-Core","Intel HD Graphics 620","4","SSD","256"
"900691"," Asus Zenbook 14 Ux434 Core I5 8Gb 256Gb Ssd Mx250 14 Win10 Ux434Fl Ai062T","932.48","Intel","Core i5","1.6GHz","Quad-Core","NVIDIA GeForce MX250 / Intel UHD Graphics 620","8","SSD","256"
"900693"," Asus X409Fa Ek034T Core I5 8Gb 256Gb Ssd 14 Win10 Home Laptop X409Fa Ek034T","357.50","Intel","Core i5","1.6GHz","Quad-Core","Intel HD Graphics 620","8","SSD","256"
"901472"," Msi Gf75 Thin Core I5 9300H 8Gb 256Gb Gtx 1650 17 3 Win10 Home 9S7 17F212 252","885.15","Intel","Core i5","2.4 GHz","4 Cores","NVIDIA GeForce GTX 1650","8","SSD","256"
"901522"," L490 I7 8565U 16Gb 512Gb W10P 14 20Q500E0Uk","879.50","Intel","Core i7","1.8GHz","Quad-Core","Intel UHD Graphics 620","16","SSD","512"
"901525"," L590 I7 8565U 8Gb 256Gb W10P 15 6 20Q7001Fuk","791.64","Intel","Core i7","1.8GHz","Quad-Core","Intel UHD Graphics 620","8","SSD","256"
"901526"," L590 I7 8565U 16Gb 512Gb W10P 15 6 20Q700Aluk","882.88","Intel","Core i7","1.8GHz","Quad-Core","Intel UHD Graphics 620","16","SSD","512"
"901527"," L590 I5 8265U 8Gb 256Gb W10P 15 6 20Q7000Yuk","677.98","Intel","Core i5","1.6GHz","Quad-Core","Intel UHD Graphics 620","8","SSD","256"
"901529"," V130 14Ikb I5 8250U 4Gb 256Gb W10P 14 81Hq00Lguk","454.14","Intel","Core i5","1.6GHz","Quad-Core","Intel UHD Graphics 620","8","SSD","256"
"901530"," Lenovo V130 I5 8250U 8Gb 256Gb Ssd 15 6 Windows 10 Home Laptop 81Hn00Xluk","374.61","Intel","Core i5","1.6GHz","Quad-Core","Intel UHD Graphics 620","8","SSD","256"
"901531"," T495S Ryzen 5 Pro 16Gb 256Gb W10P 14 20Qj000Cuk","983.71","AMD","Ryzen 5 Pro","2.1GHz","Quad-Core","AMD Radeon Vega 10","16","SSD","256"
"901534"," L490 I7 8565U 8Gb 256Gb W10P 14 20Q50021Uk","751.65","Intel","Core i7","1.8GHz","Quad-Core","Intel UHD Graphics 620","8","SSD","256"
"901536"," X1 Yoga 4Th Gen I5 8265U 16Gb 256Gb W10P 20Qf00Afuk","1492.48","Intel","Core i5","1.6GHz","Quad-Core","Intel UHD Graphics 620","16","SSD","256"
"901537"," X395 T Ryzen 5 Pro 16Gb 256Gb W10P 13 3 20Nl001Huk","949.98","AMD","Ryzen 5 Pro","2.1GHz","Quad-Core","AMD Radeon Vega 8","16","SSD","256"
"901538"," Lenovo X1 Yoga 4Th Gen Core I7 8565U 16Gb 512Gb Ssd 14 Win10 20Qf00Aduk","1764.14","Intel","Core i7","1.8GHz","Quad-Core","Intel UHD Graphics 620","16","SSD","512"
"901539"," X1 Carbon 7 Gen I7 8565U 16Gb 512Gb W10P 20Qd00L1Uk","1539.15","Intel","Core i7","1.8GHz","Quad-Core","Intel UHD Graphics 620","16","SSD","512"
"901540"," X1 Carbon 7 Gen I5 8265U 16Gb 256Gb W10P 20Qd00Ksuk","1379.15","Intel","Core i5","1.6GHz","Quad-Core","Intel UHD Graphics 620","16","SSD","256"
"901541"," X1 Carbon 7 Gen I7 8565U 16Gb 512Gb W10P 20Qd00Kwuk","1619.80","Intel","Core i7","1.8GHz","Quad-Core","Intel UHD Graphics 620","16","SSD","512"
"901542"," X1 Carbon 7 Gen I5 8265U 8Gb 256Gb W10P 20Qd00Knuk","1263.31","Intel","Core i5","1.6GHz","Quad-Core","Intel UHD Graphics 620","8","SSD","256"
"901659"," Lenovo V155 15Api Ryzen 5 Laptop 81V50008Uk","369.06","AMD","Ryzen 5","2.1GHz","Quad-Core","AMD Radeon Vega 8","8","SSD","256"
"901660"," Lenovo Thinkbook 13S Core I5 8Gb 256Gb Ssd Win10 Pro 20R90054Uk","604.14","Intel","Core i5","1.6GHz","Quad-Core","Intel UHD Graphics 620","8","SSD","256"
"901662"," 100E Gen 2 N4100 4Gb 128G W10P Academic 81M8000Puk","233.32","Intel","Celeron","1.1GHz","Quad-Core","Intel UHD Graphics 600","4","SSD","128"
"901663"," Lenovo 14W Amd A6 9220C 4Gb 64Gb Ssd 14 Inch Windows 10 Pro 81Mq000Euk","223.32","AMD","A6","1.8GHz","Dual-Core","AMD Radeon R5","4","SSD","64"
"901664"," Lenovo Thinkbook 13S Core I7 16Gb 512Gb Ssd Win10 Pro 20R90059Uk","776.78","Intel","Core i7","1.8GHz","Quad-Core","Intel UHD Graphics 620","16","SSD","512"
"901665"," 300E Gen 2 N4100 4Gb 64Gb W10P Academic 81M9000Yuk","252.49","Intel","Celeron","1.1GHz","Quad-Core","Intel UHD Graphics 600","4","SSD","64"
"907986"," Asus Rog Zephyrus S I7 16Gb Nvidia Rtx 2080 Gaming Laptop Gx531Gxr Az044T","2509.97","Intel","Core i7","2.6GHz",,"NVIDIA GeForce RTX 2080 / Intel UHD Graphics 630","16","SSD","1000"
"908048"," Msi P75 Creator Core I9 32Gb 1Tb Ssd Rtx 2070 17 3 Win10 9S7 17G112 816","2580.82","Intel","Core i9",,"8-core","NVIDIA GeForce RTX 2070","32","SSD","512"
"908756"," Hp Elitebook X360 830 G5 Core I5 8Gb 256Gb Ssd 13 Win10 5Sr80Ea Abu","1376.66","Intel","Core i5","1.6GHz","Quad-Core","Intel UHD Graphics 620","8","SSD","256"
"909018"," Asus Pro P3540Fa Ej0467R Core I5 8Gb 256Gb Ssd 15 6 Win10 Pro Laptop P3540Fa Ej0467R","629.99","Intel","Core i5","1.6GHz","Quad-Core","Intel UHD Graphics 620","8","SSD","256"
"909019"," Asus Zenbook Pro P433Fa A5368R Core I7 16Gb 512Gb Ssd 14 Win10 Pro P433Fa A5368R","1047.91","Intel","Core i7","1.8GHz","Quad-Core","Intel UHD Graphics 620","16","SSD","512"
"909021"," Asus Pro P392Fa Ab002R Core I7 16Gb 512Gb Ssd 13 9 Win10 Pro Laptop P392Fa Ab002R","1257.99","Intel","Core i7","1.8GHz","Quad-Core","Intel UHD Graphics 620","16","SSD","512"
"909022"," Asus Pro P509Fa Ej370R Core I5 8Gb 512Gb Ssd 15 6 Win10 Pro Laptop P509Fa Ej370R","570.73","Intel","Core i5","1.6GHz","Quad-Core","Intel UHD Graphics 620","8","SSD","512"
"909023"," Asus Pro P409Fa Ek078R Core I5 8Gb 256Gb Ssd 14 Win10 Pro Laptop P409Fa Ek078R","547.34","Intel","Core i5","1.6GHz","Quad-Core","Intel UHD Graphics 620","8","SSD","256"
"909024"," Asus Pro P5440Fa Bm0385R Core I5 8Gb 512Gb Ssd 14 Win10 Pro Laptop P5440Fa Bm0385R","796.14","Intel","Core i5","1.6GHz","Quad-Core","Intel UHD Graphics 620","8","SSD","512"
"909025"," Asus Pro P509Fa Ej019R Core I5 8Gb 256Gb Ssd 15 6 Win10 Pro Laptop P509Fa Ej019R","529.95","Intel","Core i5","1.6GHz","Quad-Core","Intel UHD Graphics 620","8","SSD","256"
"909026"," Asus Pro P403Fa Eb021R Core I5 8Gb 512Gb Ssd 14 Win10 Pro Laptop P403Fa Eb021R","671.52","Intel","Core i5","1.6GHz","Quad-Core","Intel UHD Graphics 620","8","SSD","512"
"909046"," Toshiba Satellite Pro R50 E 17N Core I3 4Gb 128Gb Ssd 15 6 Win10 Pro Ps591E 0G302Ven","379.99","Intel","Core i3","2.3GHz","Dual-Core","Intel HD Graphics 620","4","SSD","128"
"909146"," Acer Aspire 1 Intel Celeron 2Gb 32Gb 11 6In Laptop Blue Nx Gxaek 006","162.48","Intel","Celeron","1.1GHz","Dual-Core","Intel UHD Graphics 600","2","SSD","32"
"909288"," Razer Blade Pro 17 I7 9750H 16Gb 512Gb Rtx 2070 17 3 Inch Full Rz09 02877W92 R3W1","2083.32","Intel","Core i7","2.6GHz","6-core","NVIDIA GeForce RTX 2070","16","SSD","512"
"909459"," Hp 640 G5 I5 8265U 8Gb 256Gb W10P 7Kp75Et Abu","672.49","Intel","Core i5","1.6GHz","Quad-Core","Intel UHD Graphics 620","8","SSD","256"
"909460"," Hp 650 G5 I5 8265U 8Gb 256Gb W10P 7Kp76Et Abu","810.00","Intel","Core i5","1.6GHz","Quad-Core","Intel UHD Graphics 620","8","SSD","256"
"910001"," Lenovo 330S Ryzen 3 4Gb 128Gb Ssd 15 6 Win10 Home Laptop 81Fb00Dcuk","329.13","AMD","Ryzen 3","2.5GHz","Dual-Core","AMD Radeon Vega 3","4","SSD","128"
"910006"," Asus Zenbook 14 Core I5 8Gb 256Gb Ssd 14 Win10 Home Convertible Ux463Fa Ai026T","836.65","Intel","Core i5",,,,"8","SSD","256"
"910100"," Asus Rog Zephyrus S I7 9750H 32Gb 1Tb Ssd Rtx 2070 15 6 Gaming Gx502Gw Az066T","2095.82","Intel","Core i7","2.6GHz",,"NVIDIA GeForce RTX 2070 / Intel UHD Graphics 630","32","SSD","1000"
"910256"," Dell Latitude 5400 Core I5 8365U 1 6 Ghz Win 8Vx1H","749.99","Intel","Core i5","1.6GHz","Quad-Core","Intel UHD Graphics 620","8","SSD","256"
"910392"," Razer Blade 15 Core I7 16Gb 128Gb Ssd 1Tb Hdd Gtx 1660Ti Rz09 03009W76 R3W1","1274.99","Intel","Core i7"," 2.6 GHz",,"NVIDIA GeForce GTX 1660 Ti","16","SSD","128"
"910422"," Asus Zenbook Pro Duo Ux581Gv Intel Core I9 9980Hk Processor 2 4 Ghz 16M Ux581Gv H2001R","2623.31","Intel","Core i9","2.4GHz","8-core","NVIDIA GeForce RTX 2060 / Intel UHD Graphics 630","32","SSD","1000"
"910573"," Avita Liber 14 Intel I3 8130U 4Gb 128Gb Ssd Win10 Home Laptop Ns14A2Uk002P","417.49","Intel","Core i3","2.2 GHz","Dual Core","intel HD Graphics","4","SSD","128"
"910574"," Avita Liber 14 Intel I3 8130U 4Gb 128Gb Ssd Win10 Home Laptop Ns14A2Uk001P","417.49","Intel","Core i3"," 2.2 GHz","Dual Core","intel HD Graphics","4","SSD","128"
"910575"," Avita Liber 14 Intel I3 8130U 4Gb 128Gb Ssd Win10 Home Laptop Ns14A2Uk004P","417.49","Intel","Core i3","2.2GHz","Dual-Core","Intel UHD Graphics","4","SSD","128"
"910577"," Avita Liber 14 Intel I3 8130U 4Gb 128Gb Ssd Win10 Home Laptop Ns14A2Uk003P","417.49","Intel","Core i3","2.2GHz","Dual-Core","Intel UHD Graphics","4","SSD","128"
"910937"," Asus Zenbook 14 Core I5 8Gb 256Gb Ssd 14 Win10 Pro Laptop Ux434Fac Ai246T","919.98","Intel","Core i5","1.6GHz","Quad-Core","Intel UHD Graphics","8","SSD","256"
"911120"," Hp Probook 445 G6 Ryzen 5 8Gb 256Gb Ssd 14 Win10 Pro 7Dc40Ea Abu","558.32","AMD","Ryzen 5","2.1GHz","Quad-Core","AMD Radeon Vega 8","8","SSD","256"
"911121"," Hp Elitebook X360 1030 G4 Core I5 8Gb 256Gb Ssd 13 3 Win10 7Kp69Ea Abu","1214.99","Intel","Core i5","1.6GHz","Quad-Core","Intel UHD Graphics 620","8","SSD","256"
"911123"," Hp Elitebook X360 1030 G4 Core I5 8Gb 512Gb Ssd 13 3 Win10 7Kp70Ea Abu","1798.31","Intel","Core i5","1.6GHz","Quad-Core","Intel UHD Graphics 620","8","SSD","512"
"911145"," Dell Latitude 3390 Core I5 8Gb 256Gb Ssd 13 3 Win10 Pro Convertible Nwynn","697.92","Intel","Core i5","1.6GHz","Quad-Core","Intel UHD Graphics 620","8","SSD","256"
"911146"," Dell Latitude 3400 Core I5 4Gb 1Tb Hdd 14 Win10 Pro Laptop Y3Yf7","448.33","Intel","Core i5","1.6GHz","Quad-Core","Intel UHD Graphics 620","4","HDD","1000"
"911581"," Hp Omen Core I7 8Gb 512Gb Ssd Gtx 1660Ti 15 6 Win10 Home 7Jz47Ea Abu","1248.31","Intel","Core i7","2.6GHz","6-core","NVIDIA GeForce GTX 1660 Ti","8","SSD","512"
"911582"," Hp Pavilion Gaming Core I7 8Gb 512Gb Ssd Gtx 1660Ti 15 6 Win10 7Jz86Ea Abu","914.99","Intel","Core i7","2.6GHz","6-core","NVIDIA GeForce GTX 1660 Ti / Intel UHD Graphics 630","8","SSD","512"
"911732"," Toshiba Satellite Pro R40 D 11L Education Only Ps481E 0G903Een","350.82","Intel","Core i5","2.5GHz","Dual-Core","Intel HD Graphics 620","4","SSD","128"
"911969"," Lenovo Ideapad S130 11 6 Hd Cloudbook Intel Celeron Dual Core Processor 4Gb 81J1001Huk","149.96","Intel","Celeron","1.1GHz","Dual-Core","Intel UHD Graphics 600","4","SSD","32"
"912258"," Gf65 Thin 9Sd Gtx 1660 Ti Gddr6 6Gb 9S7 16W112 010","917.78","Intel","Core i5"," 2.4 GHz",,"NVIDIA GeForce GTX 1660 Ti","8","SSD","512"
"912366"," Hp Pavilion Power Core I7 8Gb 1Tb Hdd 128Gb Ssd Gtx 1060 5Mn30Ea Abu","833.31","Intel","Core i7","2.2GHz","6-core","NVIDIA GeForce GTX 1060 / Intel UHD Graphics 630","8","SSD","128"
"912415"," Hp Elitebook X360 1030 G4 Core I5 16Gb 512Gb Ssd 13 3 Win10 7Yl38Ea Abu","2061.65","Intel","Core i5","1.6GHz","Quad-Core","Intel UHD Graphics 620","16","SSD","512"
"912535"," Dell Vostro 3581 Core I3 4Gb 1Tb Hdd 15 6 Win10 Pro Laptop 643Xv","321.65","Intel","Core i3","2.3GHz","Dual-Core","Intel HD Graphics 620","4","HDD","1000"
"912611"," Medion Erazer X15807 Intel I7 Rtx 2060 Gaming Laptop 30027173","1083.32","Intel","Core i7",,"Hexa-core","NVIDIA GeForce RTX 2060","16","SSD","256"
"912688"," Lenovo V155 Ryzen 3 3200U 8Gb 256Gb Ssd 15 6 Win10 Home Laptop 81V50004Uk","249.99","AMD","Ryzen 3","2.6GHz","Dual-Core","AMD Radeon Vega 3","8","SSD","256"
"912766"," Gf75 Thin 9Sd 023Uk 17 3 120Hz Thin Bezel 1660Ti I7 9750 16Gb 256Ssd 9S7 17F312 023","1083.32","Intel","Core i7","2.6 GHz",,"NVIDIA GeForce GTX 1660 Ti","16","SSD","256"
"912767"," Gl65 9Sd 246Uk 15 6 120Hz Thin Bezel 1660Ti I7 9750 16Gb 256Ssd 1Tb Hd 9S7 16U512 246","985.25","Intel","Core i7","2.6 GHz","6-core","NVIDIA GeForce GTX 1660 Ti","16","SSD","256"
"912768"," Gf75 Thin 9Sc 051Uk 17 3 Thin Bezel 1650 I7 9750 16Gb 512Gb Ssd 9S7 17F212 431","1040.83","Intel","Core i7","2.6 GHz",,"NVIDIA GeForce GTX 1650","16","SSD","512"
"912831"," Lenovo 730 13 3 Full Hd I5 8265U 8Gb 256Gb Windows 10 Home Convertible 81Jr0068Uk","583.30","Intel","Core i5","1.6GHz","Quad-Core","Intel UHD Graphics 620","8","SSD","256"
"913432"," Xps 13 7390 Intel Core I7 10510U 8M Cache Up To 4 9 Ghz 35K2N","1386.35","Intel","Core i7","1.8GHz","Quad-Core","Intel UHD Graphics","16","SSD","512"
"913433"," Dell Latitude 5300 Core I5 8Gb 256Gb Ssd 13 3 Win10 Pro Convertible F60Px","802.49","Intel","Core i5","1.6GHz","Quad-Core","Intel UHD Graphics 620","8","SSD","256"
"913434"," Xps 13 7390 Intel Core I5 10210U 6M Cache Up To 4 2 Ghz W7Hpn","1024.98","Intel","Core i5","1.6GHz","Quad-Core","Intel UHD Graphics","8","SSD","256"
"913483"," Msi Ge65 Raider Core I9 16Gb 512Gb Ssd 1Tb Hdd Rtx 2070 9S7 16U112 231","2189.15","Intel","Core i9","2.3 GHz","Octa-Core","NVIDIA GeForce RTX 2070","16","SSD","512"
"914202"," Hp 255 G7 Ryzen 5 8Gb 128Gb 15 6 Win10 Pro Laptop 8Mg76Es Abu","323.11","AMD","Ryzen 5","2GHz","Quad-Core","AMD Radeon Vega","8","SSD","128"
"914231"," Lenovo Thinkpad T590 Core I7 8Gb 512Gb Ssd Mx250 15 6 Win10 Pro 20N4000Auk","1295.81","Intel","Core i7","1.8GHz","Quad-Core","NVIDIA GeForce MX250 / Intel UHD Graphics 620","16","SSD","512"
"914235"," Lenovo Thinkbook 15 Core I5 8Gb 256Gb Ssd 15 6 Win10 Pro Laptop 20Rw0002Uk","542.10","Intel","Core i5","1.6GHz","Quad-Core","Intel UHD Graphics","8","SSD","256"
"914239"," Lenovo Thinkbook 15 Core I7 8Gb 512Gb Ssd 15 6 Win10 Pro Laptop 20Rw0001Uk","707.14","Intel","Core i7","1.8GHz","Quad-Core","Intel UHD Graphics","16","SSD","512"
"914243"," Lenovo Thinkpad E495 Ryzen 7 16Gb 512Gb Ssd 14 Win10 Pro Laptop 20Ne000Buk","694.99","AMD","Ryzen 7","2.3GHz","Quad-Core","AMD Radeon RX Vega 10","16","SSD","512"
"918794"," Aerooled I7 9750 16G 512G 1660Ti W10 15 Sa 7Uk5130Sh","1583.31","Intel","Core i7","2.6 GHz","6-core","NVIDIA GeForce GTX 1660 Ti","16","SSD","512"
"918795"," Aero I7 9750H 16Gb 512Gb 2070Q W10 15 Xa 7Uk2130Sh","1874.98","Intel","Core i7","2.6 GHz",,"NVIDIA GeForce RTX 2070","16","SSD","512"
"918796"," Aerooled I9 9980 16G 512G 2070Q W10P 15 Xa 9Uk5130Sp","2639.13","Intel","Core i9","2.4 GHz",,"NVIDIA GeForce RTX 2070","16","SSD","512"
"918797"," Aerooled I7 9750 16G 512G 2070Q W10P 15 Xa 7Uk5130Sp","1855.81","Intel","Core i7","2.6 GHz",,"NVIDIA GeForce RTX 2070","16","SSD","512"
"918799"," Aero I7 9750H 16Gb 512 1660Ti W10P 15 Sa 7Uk0250P","1318.39","Intel","Core i7","2.6 GHz"," 6 core","NVIDIA GeForce GTX 1660 Ti","16","SSD","512"
"919600"," Hp 250 G7 Core I5 4Gb 256Gb Ssd 15 6 Win10 Home Laptop 8Mg48Es Abu","308.31","Intel","Core i5","1.6 GHz","Quad Core","Intel UHD Graphics","4","SSD","256"
"919930"," Dell Xps 15 7590 Core I7 16Gb 512Gb Ssd Gtx 1650 15 6 Kc83T","1501.64","Intel","Core i7","2.6GHz","6-core","NVIDIA GeForce GTX 1650","16","SSD","512"
"919932"," Dell Xps 15 7590 Core I5 8Gb 256Gb Ssd 15 6 Gtx 1650 Ghhxd","1147.17","Intel","Core i5","2.4GHz","Quad-Core","NVIDIA GeForce GTX 1650","8","SSD","256"
"920019"," Hp Elitebook 745 G6 Ryzen 7 8Gb 256Gb Ssd 14 Win10 Pro 9Ft11Ea Abu","979.15","AMD","Ryzen 7","2.3GHz","Quad-Core","AMD Radeon Vega 10","8","SSD","256"
"920977"," Fx505Dt Al153T R5 8 256 Gtx1650 15 6 Fx505Dt Al153T","624.97","AMD","Ryzen 5","2.1GHz","Quad-Core","NVIDIA GeForce GTX 1650 / AMD Radeon Vega 8","8","SSD","256"
